post_id,username,date,time,content,hashtags,likes,comments,shares,category,hour,day_of_week,engagement,sentiment,sentiment_score
333,@priya_designs,2026-08-17,01:05,This productivity community is so supportive and inspiring #ai #machinelearning #tech,#ai #machinelearning #tech,345,26,4,Technology,1,Monday,375,Positive,0.7123
308,@bookworm_ira,2026-08-17,07:02,"Best startup experience ever, highly recommend it to everyone! #datascience #foodie #tech",#datascience #foodie #tech,473,10,0,Food,7,Monday,483,Positive,0.8066
380,@chef_ishaan,2026-08-17,08:09,Really frustrated with how this art launch turned out #foodie #photography #startup,#foodie #photography #startup,244,0,0,Travel,8,Monday,244,Negative,-0.5709
142,@dev_naina,2026-08-17,11:23,Some thoughts on the current state of python #art #motivation,#art #motivation,189,13,5,Lifestyle,11,Monday,207,Positive,0.34
305,@travel_with_meera,2026-08-17,11:34,Grateful for such a wonderful fitness journey this year #books #fitness #startup,#books #fitness #startup,55,20,6,Fitness,11,Monday,81,Positive,0.872
291,@thefoodie_raj,2026-08-17,14:22,A quick look at what I learned about gaming this week #fitness #motivation,#fitness #motivation,171,1,15,Fitness,14,Monday,187,Positive,0.5423
174,@photo_kabir,2026-08-17,14:40,"Not happy with the art experience today, needs work #art #fitness #foodie",#art #fitness #foodie,335,12,13,Sports,14,Monday,360,Negative,-0.2259
158,@dev_naina,2026-08-17,15:43,"Best gaming experience ever, highly recommend it to everyone! #art #books #motivation",#art #books #motivation,1,4,18,Lifestyle,15,Monday,23,Positive,0.8653
355,@bookworm_ira,2026-08-17,18:09,"Best food experience ever, highly recommend it to everyone! #gaming #music #travel",#gaming #music #travel,185,0,9,Entertainment,18,Monday,194,Positive,0.8066
204,@photo_kabir,2026-08-17,19:17,"Best productivity experience ever, highly recommend it to everyone! #photography #python #travel",#photography #python #travel,100,14,4,Travel,19,Monday,118,Positive,0.8066
253,@artsy_diya,2026-08-17,20:19,Sharing some notes on productivity today #foodie #news #startup,#foodie #news #startup,231,23,4,Business,20,Monday,258,Positive,0.4215
10,@startup_vik,2026-08-17,21:05,"Best reading experience ever, highly recommend it to everyone! #news #productivity #startup",#news #productivity #startup,4,12,0,Business,21,Monday,16,Positive,0.8066
139,@artsy_diya,2026-08-18,01:36,So excited to share this incredible python milestone with you all #books #photography #travel,#books #photography #travel,0,0,4,Travel,1,Tuesday,4,Positive,0.6318
26,@chef_ishaan,2026-08-18,02:12,"Disappointed by the recent food changes, not a fan #fitness #foodie #motivation",#fitness #foodie #motivation,37,7,11,Sports,2,Tuesday,55,Negative,-0.5386
348,@dev_naina,2026-08-18,02:52,"Disappointed by the recent startup changes, not a fan #python #tech",#python #tech,193,35,3,Technology,2,Tuesday,231,Negative,-0.6202
19,@startup_vik,2026-08-18,11:08,So excited to share this incredible food milestone with you all #books #foodie #productivity,#books #foodie #productivity,117,6,3,Food,11,Tuesday,126,Positive,0.6318
153,@thefoodie_raj,2026-08-18,14:54,"Best photography experience ever, highly recommend it to everyone! #books #startup #webdev",#books #startup #webdev,213,38,12,Lifestyle,14,Tuesday,263,Positive,0.8066
97,@fit_arjun,2026-08-18,15:39,This gaming community is so supportive and inspiring #foodie #machinelearning #startup,#foodie #machinelearning #startup,243,24,6,Food,15,Tuesday,273,Positive,0.7123
353,@musicby_sara,2026-08-18,16:31,"Best gaming experience ever, highly recommend it to everyone! #machinelearning #motivation",#machinelearning #motivation,29,24,0,Lifestyle,16,Tuesday,53,Positive,0.8653
105,@travel_with_meera,2026-08-18,17:50,"Absolutely loving the new productivity update, this is amazing! #news #photography #startup",#news #photography #startup,195,17,14,Business,17,Tuesday,226,Positive,0.8513
154,@musicby_sara,2026-08-18,17:59,"Best startup experience ever, highly recommend it to everyone! #art #books #opensource",#art #books #opensource,293,4,10,Lifestyle,17,Tuesday,307,Positive,0.8066
214,@karan_vibes,2026-08-18,19:11,A quick look at what I learned about fitness this week #machinelearning #news #productivity,#machinelearning #news #productivity,0,26,9,Business,19,Tuesday,35,Positive,0.2732
151,@travel_with_meera,2026-08-18,19:46,A quick look at what I learned about food this week #fitness #motivation,#fitness #motivation,10,7,9,Sports,19,Tuesday,26,Positive,0.5423
147,@travel_with_meera,2026-08-18,19:49,This travel community is so supportive and inspiring #opensource #productivity #startup,#opensource #productivity #startup,31,0,14,Business,19,Tuesday,45,Positive,0.7123
250,@chef_ishaan,2026-08-18,20:09,"Working on a new python post, stay tuned #datascience #foodie",#datascience #foodie,163,20,11,Food,20,Tuesday,194,Neutral,0.0
248,@startup_vik,2026-08-18,20:11,Sharing some notes on art today #fitness #motivation #startup,#fitness #motivation #startup,208,11,15,Fitness,20,Tuesday,234,Positive,0.743
58,@fit_arjun,2026-08-18,20:29,Really frustrated with how this art launch turned out #foodie #motivation #startup,#foodie #motivation #startup,268,8,10,Food,20,Tuesday,286,Negative,-0.3167
75,@dev_naina,2026-08-18,21:44,So excited to share this incredible art milestone with you all #coding #fitness #motivation,#coding #fitness #motivation,307,10,7,Sports,21,Tuesday,324,Positive,0.8251
13,@artsy_diya,2026-08-19,08:59,Sharing some notes on photography today #coding #startup #tech,#coding #startup #tech,345,4,8,Technology,8,Wednesday,357,Positive,0.4215
27,@bookworm_ira,2026-08-19,09:16,Really frustrated with how this fitness launch turned out #gaming #webdev,#gaming #webdev,307,18,1,Entertainment,9,Wednesday,326,Negative,-0.3222
96,@gamer_ananya,2026-08-19,09:38,Grateful for such a wonderful art journey this year #foodie #news #webdev,#foodie #news #webdev,263,8,8,Food,9,Wednesday,279,Positive,0.7717
47,@dev_naina,2026-08-19,13:47,Some thoughts on the current state of startup #fitness #motivation #photography,#fitness #motivation #photography,43,11,2,Fitness,13,Wednesday,56,Positive,0.5423
233,@gamer_ananya,2026-08-19,14:14,So excited to share this incredible gaming milestone with you all #books #motivation #travel,#books #motivation #travel,264,1,14,Lifestyle,14,Wednesday,279,Positive,0.762
160,@chef_ishaan,2026-08-19,14:23,"Here's an update on my food project, more details soon #ai #coding #machinelearning",#ai #coding #machinelearning,149,30,11,Technology,14,Wednesday,190,Neutral,0.0
377,@fit_arjun,2026-08-19,14:46,"Struggling with reading problems again, so annoying #books #gaming #startup",#books #gaming #startup,55,4,12,Entertainment,14,Wednesday,71,Negative,-0.8173
338,@karan_vibes,2026-08-19,15:06,"Best productivity experience ever, highly recommend it to everyone! #datascience #machinelearning #travel",#datascience #machinelearning #travel,96,21,11,Travel,15,Wednesday,128,Positive,0.8066
237,@travel_with_meera,2026-08-19,15:26,Some thoughts on the current state of reading #books #motivation #opensource,#books #motivation #opensource,201,19,0,Lifestyle,15,Wednesday,220,Positive,0.34
120,@priya_designs,2026-08-19,16:49,"Struggling with art problems again, so annoying #machinelearning #news #startup",#machinelearning #news #startup,0,27,6,Business,16,Wednesday,33,Negative,-0.8173
290,@artsy_diya,2026-08-19,16:51,Sharing some notes on reading today #datascience #motivation #startup,#datascience #motivation #startup,247,9,14,Fitness,16,Wednesday,270,Positive,0.6369
382,@priya_designs,2026-08-19,16:55,"Working on a new travel post, stay tuned #music #python #startup",#music #python #startup,42,17,2,Entertainment,16,Wednesday,61,Neutral,0.0
259,@artsy_diya,2026-08-19,17:29,"Here's an update on my fitness project, more details soon #datascience #foodie #productivity",#datascience #foodie #productivity,250,14,4,Food,17,Wednesday,268,Positive,0.2732
292,@chef_ishaan,2026-08-19,17:52,"Here's an update on my photography project, more details soon #gaming #music #opensource",#gaming #music #opensource,259,4,4,Entertainment,17,Wednesday,267,Neutral,0.0
20,@aisha_codes,2026-08-19,20:56,Sharing some notes on startup today #fitness #news #productivity,#fitness #news #productivity,333,15,13,Sports,20,Wednesday,361,Positive,0.5994
40,@fit_arjun,2026-08-19,21:12,"Here's an update on my python project, more details soon #ai #coding #datascience",#ai #coding #datascience,91,23,0,Technology,21,Wednesday,114,Neutral,0.0
36,@travel_with_meera,2026-08-19,21:37,This music community is so supportive and inspiring #books #opensource #startup,#books #opensource #startup,0,17,7,Lifestyle,21,Wednesday,24,Positive,0.7123
343,@aisha_codes,2026-08-20,06:59,Grateful for such a wonderful productivity journey this year #books #motivation #webdev,#books #motivation #webdev,349,6,19,Lifestyle,6,Thursday,374,Positive,0.8442
169,@priya_designs,2026-08-20,07:38,So excited to share this incredible photography milestone with you all #books #foodie #travel,#books #foodie #travel,231,0,15,Food,7,Thursday,246,Positive,0.6318
49,@chef_ishaan,2026-08-20,11:03,Grateful for such a wonderful travel journey this year #fitness #motivation #music,#fitness #motivation #music,0,8,17,Fitness,11,Thursday,25,Positive,0.8807
234,@rohan.tech,2026-08-20,13:34,This photography community is so supportive and inspiring #books #news #productivity,#books #news #productivity,345,4,0,Business,13,Thursday,349,Positive,0.7123
89,@thefoodie_raj,2026-08-20,13:38,"Here's an update on my food project, more details soon #coding #motivation #music",#coding #motivation #music,226,17,19,Lifestyle,13,Thursday,262,Positive,0.34
238,@artsy_diya,2026-08-20,16:02,This reading community is so supportive and inspiring #coding #foodie #productivity,#coding #foodie #productivity,97,20,14,Food,16,Thursday,131,Positive,0.7123
143,@fit_arjun,2026-08-20,17:14,A quick look at what I learned about startup this week #music #photography #travel,#music #photography #travel,281,11,0,Entertainment,17,Thursday,292,Neutral,0.0
198,@priya_designs,2026-08-20,17:15,Sharing some notes on fitness today #foodie #photography #productivity,#foodie #photography #productivity,110,0,4,Food,17,Thursday,114,Positive,0.5994
262,@priya_designs,2026-08-20,17:55,This startup community is so supportive and inspiring #opensource #travel #webdev,#opensource #travel #webdev,0,5,0,Technology,17,Thursday,5,Positive,0.7123
372,@artsy_diya,2026-08-20,19:38,"Working on a new photography post, stay tuned #foodie #photography #travel",#foodie #photography #travel,205,21,4,Travel,19,Thursday,230,Neutral,0.0
188,@bookworm_ira,2026-08-20,19:51,"Best food experience ever, highly recommend it to everyone! #foodie #motivation #productivity",#foodie #motivation #productivity,36,25,10,Fitness,19,Thursday,71,Positive,0.8653
43,@bookworm_ira,2026-08-20,20:52,A quick look at what I learned about python this week #ai #datascience #webdev,#ai #datascience #webdev,28,15,0,Technology,20,Thursday,43,Neutral,0.0
269,@aisha_codes,2026-08-20,21:25,Sharing some notes on AI today #photography #tech #travel,#photography #tech #travel,198,36,10,Travel,21,Thursday,244,Positive,0.4215
316,@artsy_diya,2026-08-20,21:56,So excited to share this incredible gaming milestone with you all #datascience #foodie #python,#datascience #foodie #python,359,34,0,Food,21,Thursday,393,Positive,0.6318
337,@karan_vibes,2026-08-20,22:37,"Best python experience ever, highly recommend it to everyone! #art #motivation #startup",#art #motivation #startup,204,1,2,Lifestyle,22,Thursday,207,Positive,0.8653
110,@aisha_codes,2026-08-21,06:49,Sharing some notes on travel today #news #opensource #productivity,#news #opensource #productivity,50,18,7,Business,6,Friday,75,Positive,0.4215
376,@rohan.tech,2026-08-21,07:46,Some thoughts on the current state of python #music #startup #webdev,#music #startup #webdev,118,29,6,Entertainment,7,Friday,153,Neutral,0.0
352,@thefoodie_raj,2026-08-21,08:21,So excited to share this incredible music milestone with you all #ai #fitness #motivation,#ai #fitness #motivation,216,28,12,Fitness,8,Friday,256,Positive,0.8251
184,@startup_vik,2026-08-21,09:53,So excited to share this incredible travel milestone with you all #art #books #motivation,#art #books #motivation,162,11,8,Lifestyle,9,Friday,181,Positive,0.762
30,@karan_vibes,2026-08-21,11:27,"Here's an update on my fitness project, more details soon #art #motivation #travel",#art #motivation #travel,207,18,0,Lifestyle,11,Friday,225,Positive,0.5423
362,@dev_naina,2026-08-21,12:56,"Here's an update on my travel project, more details soon #photography #tech #travel",#photography #tech #travel,76,16,9,Travel,12,Friday,101,Neutral,0.0
175,@photo_kabir,2026-08-21,13:02,Grateful for such a wonderful productivity journey this year #machinelearning #motivation #photography,#machinelearning #motivation #photography,204,4,14,Lifestyle,13,Friday,222,Positive,0.8442
116,@musicby_sara,2026-08-21,15:58,"Best gaming experience ever, highly recommend it to everyone! #news #productivity #startup",#news #productivity #startup,190,6,5,Business,15,Friday,201,Positive,0.8066
115,@chef_ishaan,2026-08-21,16:43,Grateful for such a wonderful python journey this year #fitness #motivation #tech,#fitness #motivation #tech,46,18,5,Sports,16,Friday,69,Positive,0.8807
304,@dev_naina,2026-08-21,18:00,"Absolutely loving the new productivity update, this is amazing! #fitness #machinelearning #motivation",#fitness #machinelearning #motivation,112,9,6,Sports,18,Friday,127,Positive,0.915
137,@rohan.tech,2026-08-21,18:06,This startup community is so supportive and inspiring #fitness #motivation,#fitness #motivation,140,9,26,Fitness,18,Friday,175,Positive,0.8566
78,@bookworm_ira,2026-08-21,19:50,"Disappointed by the recent startup changes, not a fan #fitness #machinelearning #motivation",#fitness #machinelearning #motivation,183,15,7,Fitness,19,Friday,205,Negative,-0.5386
252,@fit_arjun,2026-08-22,00:34,This music community is so supportive and inspiring #books #foodie #tech,#books #foodie #tech,0,18,14,Food,0,Saturday,32,Positive,0.7123
371,@travel_with_meera,2026-08-22,05:19,"Disappointed by the recent productivity changes, not a fan #art #books #motivation",#art #books #motivation,74,34,0,Lifestyle,5,Saturday,108,Negative,-0.3944
206,@dev_naina,2026-08-22,05:23,Really frustrated with how this food launch turned out #coding #foodie #productivity,#coding #foodie #productivity,93,9,10,Food,5,Saturday,112,Negative,-0.5709
92,@bookworm_ira,2026-08-22,06:55,This photography community is so supportive and inspiring #fitness #gaming #machinelearning,#fitness #gaming #machinelearning,373,10,13,Sports,6,Saturday,396,Positive,0.7923
134,@fit_arjun,2026-08-22,11:19,This photography issue has been such a headache to deal with #news #opensource #startup,#news #opensource #startup,165,17,0,Business,11,Saturday,182,Neutral,0.0
182,@thefoodie_raj,2026-08-22,11:24,"Struggling with art problems again, so annoying #foodie #news #startup",#foodie #news #startup,295,2,2,Business,11,Saturday,299,Negative,-0.8173
236,@karan_vibes,2026-08-22,11:58,"Best reading experience ever, highly recommend it to everyone! #ai #fitness #motivation",#ai #fitness #motivation,278,11,0,Fitness,11,Saturday,289,Positive,0.8953
400,@travel_with_meera,2026-08-22,12:02,Grateful for such a wonderful reading journey this year #coding #productivity #tech,#coding #productivity #tech,274,0,3,Technology,12,Saturday,277,Positive,0.7717
194,@chef_ishaan,2026-08-22,13:19,Sharing some notes on python today #gaming #machinelearning #music,#gaming #machinelearning #music,278,11,0,Entertainment,13,Saturday,289,Positive,0.4215
391,@photo_kabir,2026-08-22,14:10,A quick look at what I learned about gaming this week #art #startup,#art #startup,127,25,0,Business,14,Saturday,152,Neutral,0.0
299,@gamer_ananya,2026-08-22,15:57,Sharing some notes on art today #art #books #motivation,#art #books #motivation,113,13,7,Lifestyle,15,Saturday,133,Positive,0.6369
138,@travel_with_meera,2026-08-22,16:34,"Here's an update on my art project, more details soon #datascience #foodie #motivation",#datascience #foodie #motivation,76,13,0,Sports,16,Saturday,89,Positive,0.34
94,@startup_vik,2026-08-22,17:39,Some thoughts on the current state of art #machinelearning #photography #travel,#machinelearning #photography #travel,205,0,24,Travel,17,Saturday,229,Neutral,0.0
53,@musicby_sara,2026-08-22,18:44,"Best fitness experience ever, highly recommend it to everyone! #foodie #python #travel",#foodie #python #travel,205,11,8,Food,18,Saturday,224,Positive,0.855
228,@artsy_diya,2026-08-22,19:14,"Struggling with art problems again, so annoying #books #datascience #motivation",#books #datascience #motivation,197,17,10,Lifestyle,19,Saturday,224,Negative,-0.7264
260,@chef_ishaan,2026-08-22,20:42,"Absolutely loving the new python update, this is amazing! #ai #datascience #webdev",#ai #datascience #webdev,241,8,3,Technology,20,Saturday,252,Positive,0.8513
298,@priya_designs,2026-08-23,08:43,So excited to share this incredible productivity milestone with you all #gaming #travel,#gaming #travel,264,6,8,Travel,8,Sunday,278,Positive,0.6318
111,@aisha_codes,2026-08-23,10:48,"Struggling with gaming problems again, so annoying #ai #motivation #startup",#ai #motivation #startup,90,7,9,Fitness,10,Sunday,106,Negative,-0.7031
2,@photo_kabir,2026-08-23,13:17,Sharing some notes on productivity today #art #books #motivation,#art #books #motivation,149,31,22,Lifestyle,13,Sunday,202,Positive,0.6369
273,@startup_vik,2026-08-23,14:36,A quick look at what I learned about photography this week #gaming #tech,#gaming #tech,326,8,1,Entertainment,14,Sunday,335,Neutral,0.0
311,@musicby_sara,2026-08-23,16:12,So excited to share this incredible food milestone with you all #datascience #machinelearning #tech,#datascience #machinelearning #tech,47,18,12,Technology,16,Sunday,77,Positive,0.6318
345,@musicby_sara,2026-08-23,17:11,"Best reading experience ever, highly recommend it to everyone! #coding #fitness #foodie",#coding #fitness #foodie,6,9,7,Food,17,Sunday,22,Positive,0.855
283,@chef_ishaan,2026-08-23,18:01,Really frustrated with how this productivity launch turned out #coding #foodie #motivation,#coding #foodie #motivation,45,17,9,Lifestyle,18,Sunday,71,Negative,-0.3167
368,@dev_naina,2026-08-23,18:57,Grateful for such a wonderful python journey this year #fitness #motivation #photography,#fitness #motivation #photography,0,29,18,Sports,18,Sunday,47,Positive,0.8807
244,@chef_ishaan,2026-08-23,21:41,"Here's an update on my gaming project, more details soon #fitness #foodie #motivation",#fitness #foodie #motivation,283,25,19,Fitness,21,Sunday,327,Positive,0.5809
221,@startup_vik,2026-08-24,03:44,So excited to share this incredible reading milestone with you all #art #motivation #travel,#art #motivation #travel,65,27,18,Lifestyle,3,Monday,110,Positive,0.762
124,@bookworm_ira,2026-08-24,10:38,This gaming community is so supportive and inspiring #art #books #music,#art #books #music,80,29,18,Lifestyle,10,Monday,127,Positive,0.7123
74,@fit_arjun,2026-08-24,11:26,"Working on a new productivity post, stay tuned #ai #coding #datascience",#ai #coding #datascience,166,17,9,Technology,11,Monday,192,Neutral,0.0
119,@bookworm_ira,2026-08-24,11:45,"Here's an update on my AI project, more details soon #fitness #motivation #python",#fitness #motivation #python,121,0,9,Sports,11,Monday,130,Positive,0.5809
32,@bookworm_ira,2026-08-24,13:40,"Here's an update on my gaming project, more details soon #fitness #motivation #python",#fitness #motivation #python,0,0,2,Fitness,13,Monday,2,Positive,0.5809
149,@chef_ishaan,2026-08-24,14:09,Sharing some notes on food today #opensource #python #webdev,#opensource #python #webdev,135,42,7,Technology,14,Monday,184,Positive,0.4215
126,@chef_ishaan,2026-08-24,14:19,Some thoughts on the current state of gaming #productivity #startup #travel,#productivity #startup #travel,260,9,8,Travel,14,Monday,277,Neutral,0.0
41,@priya_designs,2026-08-24,16:47,Sharing some notes on reading today #coding #motivation #productivity,#coding #motivation #productivity,108,0,11,Sports,16,Monday,119,Positive,0.6369
48,@rohan.tech,2026-08-24,16:48,A quick look at what I learned about productivity this week #fitness #motivation #startup,#fitness #motivation #startup,179,5,7,Fitness,16,Monday,191,Positive,0.5423
245,@dev_naina,2026-08-24,18:52,This fitness community is so supportive and inspiring #books #gaming #motivation,#books #gaming #motivation,41,3,35,Entertainment,18,Monday,79,Positive,0.8566
310,@startup_vik,2026-08-24,19:22,Really frustrated with how this fitness launch turned out #ai #photography #travel,#ai #photography #travel,65,9,1,Travel,19,Monday,75,Negative,-0.3222
152,@dev_naina,2026-08-24,21:40,Grateful for such a wonderful productivity journey this year #fitness #photography #webdev,#fitness #photography #webdev,0,8,0,Travel,21,Monday,8,Positive,0.8316
23,@priya_designs,2026-08-25,04:23,"Disappointed by the recent photography changes, not a fan #books #fitness #opensource",#books #fitness #opensource,90,11,12,Sports,4,Tuesday,113,Negative,-0.4519
216,@artsy_diya,2026-08-25,05:29,So excited to share this incredible AI milestone with you all #foodie #machinelearning #python,#foodie #machinelearning #python,27,40,12,Food,5,Tuesday,79,Positive,0.6318
278,@priya_designs,2026-08-25,09:20,Sharing some notes on python today #photography #productivity #travel,#photography #productivity #travel,174,0,1,Travel,9,Tuesday,175,Positive,0.4215
117,@photo_kabir,2026-08-25,09:45,"Absolutely loving the new gaming update, this is amazing! #fitness #foodie #music",#fitness #foodie #music,116,16,2,Sports,9,Tuesday,134,Positive,0.8856
129,@chef_ishaan,2026-08-25,10:32,A quick look at what I learned about travel this week #coding #foodie #tech,#coding #foodie #tech,121,16,18,Food,10,Tuesday,155,Neutral,0.0
387,@priya_designs,2026-08-25,12:09,So excited to share this incredible photography milestone with you all #coding #motivation #travel,#coding #motivation #travel,405,7,4,Travel,12,Tuesday,416,Positive,0.762
46,@musicby_sara,2026-08-25,14:45,Sharing some notes on productivity today #ai #coding #webdev,#ai #coding #webdev,28,0,8,Technology,14,Tuesday,36,Positive,0.4215
56,@aisha_codes,2026-08-25,15:28,Sharing some notes on gaming today #fitness #foodie #productivity,#fitness #foodie #productivity,193,21,5,Food,15,Tuesday,219,Positive,0.5994
189,@startup_vik,2026-08-25,19:08,"Struggling with art problems again, so annoying #music #photography #startup",#music #photography #startup,354,10,27,Travel,19,Tuesday,391,Negative,-0.8173
275,@priya_designs,2026-08-25,20:47,Really frustrated with how this reading launch turned out #datascience #music #python,#datascience #music #python,91,11,3,Technology,20,Tuesday,105,Negative,-0.5709
71,@gamer_ananya,2026-08-25,21:20,Sharing some notes on AI today #coding #photography #travel,#coding #photography #travel,148,7,13,Travel,21,Tuesday,168,Positive,0.4215
282,@artsy_diya,2026-08-26,00:04,"Struggling with photography problems again, so annoying #fitness #startup #webdev",#fitness #startup #webdev,142,19,17,Fitness,0,Wednesday,178,Negative,-0.7282
103,@bookworm_ira,2026-08-26,05:30,"Disappointed by the recent fitness changes, not a fan #art #books #webdev",#art #books #webdev,257,4,18,Lifestyle,5,Wednesday,279,Negative,-0.4519
336,@artsy_diya,2026-08-26,12:03,A quick look at what I learned about food this week #ai #productivity #startup,#ai #productivity #startup,265,20,4,Business,12,Wednesday,289,Neutral,0.0
388,@startup_vik,2026-08-26,12:05,"Here's an update on my AI project, more details soon #art #productivity #startup",#art #productivity #startup,116,8,9,Business,12,Wednesday,133,Neutral,0.0
186,@aisha_codes,2026-08-26,15:36,"Working on a new photography post, stay tuned #fitness #gaming #music",#fitness #gaming #music,189,30,15,Entertainment,15,Wednesday,234,Positive,0.2732
107,@karan_vibes,2026-08-26,15:40,This reading community is so supportive and inspiring #ai #coding #gaming,#ai #coding #gaming,70,14,12,Entertainment,15,Wednesday,96,Positive,0.7123
360,@karan_vibes,2026-08-26,17:05,So excited to share this incredible music milestone with you all #gaming #motivation #music,#gaming #motivation #music,52,13,0,Entertainment,17,Wednesday,65,Positive,0.762
102,@bookworm_ira,2026-08-26,18:36,"Disappointed by the recent startup changes, not a fan #fitness #motivation #opensource",#fitness #motivation #opensource,279,28,7,Sports,18,Wednesday,314,Negative,-0.5386
99,@gamer_ananya,2026-08-26,18:47,Sharing some notes on art today #machinelearning #motivation #tech,#machinelearning #motivation #tech,414,14,16,Lifestyle,18,Wednesday,444,Positive,0.6369
136,@aisha_codes,2026-08-26,20:17,Sharing some notes on food today #gaming #machinelearning,#gaming #machinelearning,88,31,3,Entertainment,20,Wednesday,122,Positive,0.4215
396,@startup_vik,2026-08-26,20:54,Some thoughts on the current state of music #books #gaming #music,#books #gaming #music,386,11,14,Entertainment,20,Wednesday,411,Neutral,0.0
133,@travel_with_meera,2026-08-27,08:13,Really frustrated with how this productivity launch turned out #books #foodie #photography,#books #foodie #photography,0,0,1,Travel,8,Thursday,1,Negative,-0.5709
3,@rohan.tech,2026-08-27,08:59,"Not happy with the photography experience today, needs work #coding #foodie #photography",#coding #foodie #photography,40,25,12,Food,8,Thursday,77,Negative,-0.4585
363,@artsy_diya,2026-08-27,09:48,"Here's an update on my travel project, more details soon #books #motivation",#books #motivation,315,13,0,Lifestyle,9,Thursday,328,Positive,0.34
15,@bookworm_ira,2026-08-27,10:59,So excited to share this incredible gaming milestone with you all #fitness #foodie,#fitness #foodie,395,24,9,Food,10,Thursday,428,Positive,0.7397
95,@priya_designs,2026-08-27,12:04,Some thoughts on the current state of python #datascience #machinelearning #motivation,#datascience #machinelearning #motivation,101,27,20,Sports,12,Thursday,148,Positive,0.34
359,@fit_arjun,2026-08-27,12:25,Grateful for such a wonderful fitness journey this year #foodie #travel,#foodie #travel,171,12,5,Food,12,Thursday,188,Positive,0.8316
98,@gamer_ananya,2026-08-27,12:37,Grateful for such a wonderful travel journey this year #ai #datascience #webdev,#ai #datascience #webdev,403,1,0,Technology,12,Thursday,404,Positive,0.7717
125,@photo_kabir,2026-08-27,13:09,"Absolutely loving the new fitness update, this is amazing! #news #productivity #startup",#news #productivity #startup,265,20,0,Business,13,Thursday,285,Positive,0.8856
118,@gamer_ananya,2026-08-27,15:07,"Disappointed by the recent startup changes, not a fan #news #opensource #productivity",#news #opensource #productivity,0,36,6,Business,15,Thursday,42,Negative,-0.6202
88,@bookworm_ira,2026-08-27,16:26,This gaming community is so supportive and inspiring #ai #foodie #tech,#ai #foodie #tech,271,12,19,Food,16,Thursday,302,Positive,0.7123
177,@bookworm_ira,2026-08-27,16:36,Some thoughts on the current state of photography #books #motivation #python,#books #motivation #python,171,26,0,Lifestyle,16,Thursday,197,Positive,0.34
166,@travel_with_meera,2026-08-27,16:39,"Absolutely loving the new startup update, this is amazing! #machinelearning #travel #webdev",#machinelearning #travel #webdev,359,26,6,Travel,16,Thursday,391,Positive,0.8513
31,@fit_arjun,2026-08-27,17:39,A quick look at what I learned about photography this week #art #fitness #foodie,#art #fitness #foodie,36,34,8,Sports,17,Thursday,78,Positive,0.2732
370,@photo_kabir,2026-08-27,18:46,"Here's an update on my photography project, more details soon #coding #photography #travel",#coding #photography #travel,114,18,0,Travel,18,Thursday,132,Neutral,0.0
93,@bookworm_ira,2026-08-27,18:52,This startup issue has been such a headache to deal with #machinelearning #travel #webdev,#machinelearning #travel #webdev,108,9,12,Travel,18,Thursday,129,Neutral,0.0
212,@artsy_diya,2026-08-27,19:37,"Best travel experience ever, highly recommend it to everyone! #books #motivation #startup",#books #motivation #startup,279,19,10,Lifestyle,19,Thursday,308,Positive,0.8653
72,@musicby_sara,2026-08-28,08:14,"Not happy with the AI experience today, needs work #gaming #motivation #travel",#gaming #motivation #travel,260,27,0,Entertainment,8,Friday,287,Negative,-0.1526
288,@karan_vibes,2026-08-28,08:42,A quick look at what I learned about food this week #art #books #tech,#art #books #tech,0,22,0,Lifestyle,8,Friday,22,Neutral,0.0
374,@aisha_codes,2026-08-28,09:18,This travel community is so supportive and inspiring #ai #photography #travel,#ai #photography #travel,215,0,1,Travel,9,Friday,216,Positive,0.7123
86,@rohan.tech,2026-08-28,09:44,A quick look at what I learned about python this week #fitness #music #productivity,#fitness #music #productivity,295,17,0,Entertainment,9,Friday,312,Positive,0.2732
183,@thefoodie_raj,2026-08-28,10:07,A quick look at what I learned about AI this week #fitness #news #travel,#fitness #news #travel,225,31,0,Sports,10,Friday,256,Positive,0.2732
144,@travel_with_meera,2026-08-28,12:58,Some thoughts on the current state of productivity #fitness #motivation #opensource,#fitness #motivation #opensource,250,11,7,Sports,12,Friday,268,Positive,0.5423
59,@startup_vik,2026-08-28,14:01,"Not happy with the productivity experience today, needs work #ai #fitness #motivation",#ai #fitness #motivation,312,12,8,Sports,14,Friday,332,Positive,0.1285
322,@thefoodie_raj,2026-08-28,16:41,"Struggling with food problems again, so annoying #gaming #music #python",#gaming #music #python,183,10,4,Entertainment,16,Friday,197,Negative,-0.8173
91,@rohan.tech,2026-08-28,16:45,"Struggling with music problems again, so annoying #ai #books",#ai #books,86,7,0,Lifestyle,16,Friday,93,Negative,-0.8173
185,@aisha_codes,2026-08-28,18:28,This music community is so supportive and inspiring #foodie #motivation #tech,#foodie #motivation #tech,114,15,19,Sports,18,Friday,148,Positive,0.809
5,@karan_vibes,2026-08-28,18:53,Grateful for such a wonderful food journey this year #gaming #music #travel,#gaming #music #travel,177,10,13,Entertainment,18,Friday,200,Positive,0.7717
87,@aisha_codes,2026-08-28,19:13,"Here's an update on my AI project, more details soon #productivity #tech #travel",#productivity #tech #travel,56,24,11,Travel,19,Friday,91,Neutral,0.0
243,@fit_arjun,2026-08-28,20:05,This productivity issue has been such a headache to deal with #fitness #motivation #travel,#fitness #motivation #travel,124,26,12,Sports,20,Friday,162,Positive,0.5423
157,@dev_naina,2026-08-28,21:23,"Not happy with the startup experience today, needs work #gaming #music #webdev",#gaming #music #webdev,135,18,15,Entertainment,21,Friday,168,Negative,-0.4585
33,@fit_arjun,2026-08-29,05:15,Grateful for such a wonderful gaming journey this year #art #books #tech,#art #books #tech,233,11,13,Lifestyle,5,Saturday,257,Positive,0.7717
326,@rohan.tech,2026-08-29,07:39,Some thoughts on the current state of AI #datascience #foodie #machinelearning,#datascience #foodie #machinelearning,67,24,16,Food,7,Saturday,107,Neutral,0.0
219,@bookworm_ira,2026-08-29,09:20,"Working on a new fitness post, stay tuned #datascience #news #opensource",#datascience #news #opensource,126,13,10,Business,9,Saturday,149,Positive,0.2732
266,@chef_ishaan,2026-08-29,11:31,This gaming community is so supportive and inspiring #art #machinelearning #motivation,#art #machinelearning #motivation,366,14,6,Fitness,11,Saturday,386,Positive,0.809
255,@aisha_codes,2026-08-29,12:41,Sharing some notes on AI today #fitness #motivation,#fitness #motivation,180,3,0,Fitness,12,Saturday,183,Positive,0.743
392,@chef_ishaan,2026-08-29,13:39,"Working on a new reading post, stay tuned #foodie #opensource #startup",#foodie #opensource #startup,85,15,12,Food,13,Saturday,112,Neutral,0.0
6,@dev_naina,2026-08-29,14:16,"Working on a new art post, stay tuned #foodie #productivity",#foodie #productivity,0,27,16,Food,14,Saturday,43,Neutral,0.0
395,@thefoodie_raj,2026-08-29,15:24,Sharing some notes on gaming today #ai #fitness #motivation,#ai #fitness #motivation,52,6,11,Sports,15,Saturday,69,Positive,0.743
127,@musicby_sara,2026-08-29,17:18,Grateful for such a wonderful art journey this year #fitness #foodie,#fitness #foodie,0,9,0,Sports,17,Saturday,9,Positive,0.8316
267,@travel_with_meera,2026-08-29,17:29,"Struggling with food problems again, so annoying #ai #python #tech",#ai #python #tech,335,11,12,Technology,17,Saturday,358,Negative,-0.8173
272,@thefoodie_raj,2026-08-29,18:59,"Struggling with startup problems again, so annoying #art #gaming #tech",#art #gaming #tech,65,7,6,Entertainment,18,Saturday,78,Negative,-0.8173
73,@chef_ishaan,2026-08-29,19:16,So excited to share this incredible art milestone with you all #machinelearning #news #startup,#machinelearning #news #startup,0,3,11,Business,19,Saturday,14,Positive,0.6318
8,@startup_vik,2026-08-29,19:21,Some thoughts on the current state of fitness #fitness #motivation #webdev,#fitness #motivation #webdev,170,24,12,Sports,19,Saturday,206,Positive,0.6808
300,@startup_vik,2026-08-29,20:38,"Disappointed by the recent food changes, not a fan #coding #music #opensource",#coding #music #opensource,292,24,15,Technology,20,Saturday,331,Negative,-0.6202
309,@startup_vik,2026-08-29,21:33,"Best art experience ever, highly recommend it to everyone! #ai #gaming #news",#ai #gaming #news,163,18,1,Entertainment,21,Saturday,182,Positive,0.8066
171,@dev_naina,2026-08-30,07:19,Sharing some notes on gaming today #fitness #machinelearning #motivation,#fitness #machinelearning #motivation,270,15,11,Sports,7,Sunday,296,Positive,0.743
217,@chef_ishaan,2026-08-30,11:56,"Best fitness experience ever, highly recommend it to everyone! #books #datascience #python",#books #datascience #python,285,28,0,Lifestyle,11,Sunday,313,Positive,0.855
303,@musicby_sara,2026-08-30,12:51,"Not happy with the music experience today, needs work #ai #books #gaming",#ai #books #gaming,139,0,6,Lifestyle,12,Sunday,145,Negative,-0.4585
251,@startup_vik,2026-08-30,17:00,"Best startup experience ever, highly recommend it to everyone! #fitness #motivation #startup",#fitness #motivation #startup,81,17,9,Sports,17,Sunday,107,Positive,0.8953
14,@karan_vibes,2026-08-30,17:41,"Here's an update on my art project, more details soon #books #coding #foodie",#books #coding #foodie,285,24,12,Food,17,Sunday,321,Neutral,0.0
195,@gamer_ananya,2026-08-30,18:00,"Best photography experience ever, highly recommend it to everyone! #coding #foodie #python",#coding #foodie #python,297,15,18,Food,18,Sunday,330,Positive,0.8066
76,@gamer_ananya,2026-08-30,20:06,This food community is so supportive and inspiring #books #datascience #foodie,#books #datascience #foodie,92,26,7,Food,20,Sunday,125,Positive,0.7123
28,@startup_vik,2026-08-30,21:34,"Here's an update on my photography project, more details soon #foodie #photography #productivity",#foodie #photography #productivity,323,3,0,Food,21,Sunday,326,Neutral,0.0
344,@bookworm_ira,2026-08-31,05:04,This photography issue has been such a headache to deal with #datascience #python #webdev,#datascience #python #webdev,66,17,5,Technology,5,Monday,88,Neutral,0.0
179,@bookworm_ira,2026-08-31,06:02,This startup community is so supportive and inspiring #fitness #motivation #webdev,#fitness #motivation #webdev,196,9,13,Fitness,6,Monday,218,Positive,0.8566
215,@musicby_sara,2026-08-31,09:25,"Best travel experience ever, highly recommend it to everyone! #art #coding #fitness",#art #coding #fitness,36,27,2,Fitness,9,Monday,65,Positive,0.855
369,@rohan.tech,2026-08-31,09:37,This python community is so supportive and inspiring #foodie #productivity #travel,#foodie #productivity #travel,405,0,10,Food,9,Monday,415,Positive,0.7123
9,@aisha_codes,2026-08-31,10:23,"Struggling with reading problems again, so annoying #gaming #music #webdev",#gaming #music #webdev,161,0,9,Entertainment,10,Monday,170,Negative,-0.8173
146,@priya_designs,2026-08-31,11:00,Really frustrated with how this music launch turned out #art #books #motivation,#art #books #motivation,135,14,0,Lifestyle,11,Monday,149,Negative,-0.3167
21,@chef_ishaan,2026-08-31,11:56,Really frustrated with how this travel launch turned out #gaming #music #news,#gaming #music #news,269,24,6,Entertainment,11,Monday,299,Negative,-0.5709
44,@photo_kabir,2026-08-31,12:15,Some thoughts on the current state of fitness #books #photography #travel,#books #photography #travel,342,17,5,Travel,12,Monday,364,Positive,0.2732
63,@artsy_diya,2026-08-31,12:30,"Not happy with the python experience today, needs work #fitness #foodie #startup",#fitness #foodie #startup,89,0,0,Business,12,Monday,89,Negative,-0.2259
163,@startup_vik,2026-08-31,15:03,This music community is so supportive and inspiring #fitness #music,#fitness #music,31,0,19,Fitness,15,Monday,50,Positive,0.7923
114,@thefoodie_raj,2026-08-31,15:47,This startup community is so supportive and inspiring #fitness #gaming #motivation,#fitness #gaming #motivation,90,2,0,Sports,15,Monday,92,Positive,0.8566
191,@rohan.tech,2026-08-31,16:55,"Working on a new startup post, stay tuned #foodie #photography #webdev",#foodie #photography #webdev,179,0,7,Food,16,Monday,186,Neutral,0.0
384,@musicby_sara,2026-08-31,19:09,"Struggling with fitness problems again, so annoying #coding #datascience #machinelearning",#coding #datascience #machinelearning,0,15,4,Technology,19,Monday,19,Negative,-0.7501
213,@fit_arjun,2026-08-31,20:05,"Working on a new fitness post, stay tuned #coding #news #startup",#coding #news #startup,250,30,12,Business,20,Monday,292,Positive,0.2732
268,@thefoodie_raj,2026-08-31,22:18,So excited to share this incredible art milestone with you all #art #fitness #gaming,#art #fitness #gaming,204,3,6,Sports,22,Monday,213,Positive,0.7397
398,@priya_designs,2026-09-01,01:41,"Best travel experience ever, highly recommend it to everyone! #fitness #motivation #opensource",#fitness #motivation #opensource,114,34,9,Fitness,1,Tuesday,157,Positive,0.8953
271,@artsy_diya,2026-09-01,14:24,Some thoughts on the current state of startup #photography #travel,#photography #travel,6,23,6,Travel,14,Tuesday,35,Neutral,0.0
317,@priya_designs,2026-09-01,14:25,Some thoughts on the current state of python #fitness #gaming #music,#fitness #gaming #music,282,0,4,Entertainment,14,Tuesday,286,Positive,0.2732
394,@rohan.tech,2026-09-01,16:43,This AI community is so supportive and inspiring #fitness #motivation #opensource,#fitness #motivation #opensource,96,23,0,Sports,16,Tuesday,119,Positive,0.8566
399,@gamer_ananya,2026-09-01,17:29,"Struggling with music problems again, so annoying #art #machinelearning #tech",#art #machinelearning #tech,0,14,1,Lifestyle,17,Tuesday,15,Negative,-0.8173
218,@travel_with_meera,2026-09-01,17:51,Grateful for such a wonderful food journey this year #ai #fitness #motivation,#ai #fitness #motivation,37,12,7,Sports,17,Tuesday,56,Positive,0.8807
68,@artsy_diya,2026-09-01,18:10,"Working on a new fitness post, stay tuned #art #fitness #photography",#art #fitness #photography,272,40,15,Travel,18,Tuesday,327,Positive,0.4939
393,@travel_with_meera,2026-09-01,18:11,A quick look at what I learned about photography this week #foodie #startup,#foodie #startup,124,10,16,Food,18,Tuesday,150,Neutral,0.0
365,@priya_designs,2026-09-01,18:12,"Not happy with the food experience today, needs work #fitness #photography #travel",#fitness #photography #travel,152,10,26,Travel,18,Tuesday,188,Negative,-0.2259
232,@karan_vibes,2026-09-01,19:30,"Here's an update on my fitness project, more details soon #foodie #python",#foodie #python,0,0,8,Food,19,Tuesday,8,Positive,0.2732
330,@musicby_sara,2026-09-01,19:35,Some thoughts on the current state of food #python #tech #webdev,#python #tech #webdev,78,6,13,Technology,19,Tuesday,97,Neutral,0.0
51,@rohan.tech,2026-09-01,19:38,Really frustrated with how this photography launch turned out #ai #news #tech,#ai #news #tech,15,5,9,Technology,19,Tuesday,29,Negative,-0.5709
319,@startup_vik,2026-09-01,20:17,So excited to share this incredible startup milestone with you all #gaming #startup #travel,#gaming #startup #travel,1,19,18,Business,20,Tuesday,38,Positive,0.6318
50,@rohan.tech,2026-09-01,21:30,"Absolutely loving the new fitness update, this is amazing! #music #opensource #productivity",#music #opensource #productivity,480,18,9,Technology,21,Tuesday,507,Positive,0.8856
159,@photo_kabir,2026-09-01,21:34,"Working on a new travel post, stay tuned #art #fitness #travel",#art #fitness #travel,450,13,0,Sports,21,Tuesday,463,Positive,0.2732
38,@aisha_codes,2026-09-01,21:37,"Struggling with python problems again, so annoying #art #books #startup",#art #books #startup,157,12,7,Lifestyle,21,Tuesday,176,Negative,-0.8173
12,@fit_arjun,2026-09-02,10:04,Sharing some notes on reading today #fitness #foodie #news,#fitness #foodie #news,45,13,5,Food,10,Wednesday,63,Positive,0.5994
100,@thefoodie_raj,2026-09-02,10:08,"Not happy with the food experience today, needs work #coding #datascience #machinelearning",#coding #datascience #machinelearning,323,20,12,Technology,10,Wednesday,355,Negative,-0.4585
357,@bookworm_ira,2026-09-02,11:03,Grateful for such a wonderful python journey this year #gaming #music #opensource,#gaming #music #opensource,120,35,6,Entertainment,11,Wednesday,161,Positive,0.7717
34,@musicby_sara,2026-09-02,11:15,"Working on a new gaming post, stay tuned #art #startup #webdev",#art #startup #webdev,249,20,3,Business,11,Wednesday,272,Neutral,0.0
354,@karan_vibes,2026-09-02,12:12,This music community is so supportive and inspiring #fitness #motivation,#fitness #motivation,0,8,16,Fitness,12,Wednesday,24,Positive,0.8566
294,@rohan.tech,2026-09-02,13:11,Some thoughts on the current state of travel #art #books #motivation,#art #books #motivation,279,0,4,Lifestyle,13,Wednesday,283,Positive,0.34
314,@musicby_sara,2026-09-02,15:11,A quick look at what I learned about AI this week #ai #tech #webdev,#ai #tech #webdev,551,3,8,Technology,15,Wednesday,562,Neutral,0.0
276,@bookworm_ira,2026-09-02,18:12,Really frustrated with how this python launch turned out #ai #gaming #photography,#ai #gaming #photography,54,0,0,Entertainment,18,Wednesday,54,Negative,-0.5709
312,@rohan.tech,2026-09-02,18:24,"Struggling with fitness problems again, so annoying #foodie #music #webdev",#foodie #music #webdev,152,0,3,Food,18,Wednesday,155,Negative,-0.7501
318,@fit_arjun,2026-09-02,20:11,So excited to share this incredible reading milestone with you all #news #productivity #python,#news #productivity #python,190,6,6,Business,20,Wednesday,202,Positive,0.6318
385,@gamer_ananya,2026-09-02,20:55,"Absolutely loving the new art update, this is amazing! #ai #photography #travel",#ai #photography #travel,303,22,16,Travel,20,Wednesday,341,Positive,0.8513
82,@photo_kabir,2026-09-03,08:41,"Here's an update on my productivity project, more details soon #news #photography #webdev",#news #photography #webdev,317,3,0,Business,8,Thursday,320,Neutral,0.0
66,@aisha_codes,2026-09-03,09:19,Really frustrated with how this gaming launch turned out #fitness #foodie #music,#fitness #foodie #music,59,18,6,Food,9,Thursday,83,Negative,-0.3804
122,@dev_naina,2026-09-03,09:39,Some thoughts on the current state of travel #music #opensource #travel,#music #opensource #travel,320,11,0,Travel,9,Thursday,331,Neutral,0.0
331,@travel_with_meera,2026-09-03,10:48,This art community is so supportive and inspiring #books #fitness #travel,#books #fitness #travel,231,0,6,Lifestyle,10,Thursday,237,Positive,0.7923
274,@dev_naina,2026-09-03,11:50,"Absolutely loving the new food update, this is amazing! #art #books #webdev",#art #books #webdev,0,20,12,Lifestyle,11,Thursday,32,Positive,0.8513
109,@aisha_codes,2026-09-03,12:46,A quick look at what I learned about AI this week #art #datascience #motivation,#art #datascience #motivation,119,10,0,Lifestyle,12,Thursday,129,Positive,0.34
339,@bookworm_ira,2026-09-03,14:28,A quick look at what I learned about python this week #art #productivity #startup,#art #productivity #startup,10,9,0,Business,14,Thursday,19,Neutral,0.0
381,@artsy_diya,2026-09-03,15:13,A quick look at what I learned about photography this week #art #news #startup,#art #news #startup,54,9,18,Business,15,Thursday,81,Neutral,0.0
397,@aisha_codes,2026-09-03,17:45,Grateful for such a wonderful music journey this year #ai #python #tech,#ai #python #tech,92,22,0,Technology,17,Thursday,114,Positive,0.7717
155,@photo_kabir,2026-09-03,18:35,"Disappointed by the recent reading changes, not a fan #ai #fitness #motivation",#ai #fitness #motivation,166,23,12,Fitness,18,Thursday,201,Negative,-0.1436
145,@artsy_diya,2026-09-03,18:45,"Not happy with the AI experience today, needs work #fitness #motivation #opensource",#fitness #motivation #opensource,104,12,0,Fitness,18,Thursday,116,Positive,0.1285
340,@thefoodie_raj,2026-09-03,19:34,"Working on a new fitness post, stay tuned #motivation #productivity #startup",#motivation #productivity #startup,159,14,8,Business,19,Thursday,181,Positive,0.5423
131,@fit_arjun,2026-09-03,19:46,"Struggling with fitness problems again, so annoying #datascience #gaming #music",#datascience #gaming #music,267,2,3,Entertainment,19,Thursday,272,Negative,-0.7501
328,@artsy_diya,2026-09-03,19:56,"Working on a new art post, stay tuned #gaming #music #opensource",#gaming #music #opensource,198,1,4,Entertainment,19,Thursday,203,Neutral,0.0
7,@dev_naina,2026-09-03,20:09,"Here's an update on my python project, more details soon #art #books #motivation",#art #books #motivation,1,0,5,Lifestyle,20,Thursday,6,Positive,0.34
347,@thefoodie_raj,2026-09-03,21:16,"Working on a new photography post, stay tuned #news #productivity",#news #productivity,66,25,8,Business,21,Thursday,99,Neutral,0.0
60,@aisha_codes,2026-09-03,21:18,Sharing some notes on gaming today #books #fitness #machinelearning,#books #fitness #machinelearning,220,5,7,Lifestyle,21,Thursday,232,Positive,0.5994
224,@rohan.tech,2026-09-04,11:45,"Not happy with the art experience today, needs work #news #productivity #startup",#news #productivity #startup,0,33,5,Business,11,Friday,38,Negative,-0.4585
69,@dev_naina,2026-09-04,12:22,Really frustrated with how this food launch turned out #art #motivation,#art #motivation,0,0,2,Lifestyle,12,Friday,2,Negative,-0.3167
57,@travel_with_meera,2026-09-04,12:44,"Absolutely loving the new travel update, this is amazing! #datascience #machinelearning #motivation",#datascience #machinelearning #motivation,0,15,0,Sports,12,Friday,15,Positive,0.893
293,@karan_vibes,2026-09-04,13:57,Sharing some notes on startup today #motivation #opensource,#motivation #opensource,230,0,6,Technology,13,Friday,236,Positive,0.6369
193,@chef_ishaan,2026-09-04,14:27,"Best gaming experience ever, highly recommend it to everyone! #ai #fitness #motivation",#ai #fitness #motivation,234,32,14,Sports,14,Friday,280,Positive,0.8953
55,@artsy_diya,2026-09-04,15:28,A quick look at what I learned about photography this week #art #coding #gaming,#art #coding #gaming,179,16,2,Entertainment,15,Friday,197,Neutral,0.0
373,@gamer_ananya,2026-09-04,17:35,Grateful for such a wonderful fitness journey this year #art #books #fitness,#art #books #fitness,211,7,8,Sports,17,Friday,226,Positive,0.872
226,@aisha_codes,2026-09-04,18:15,"Disappointed by the recent startup changes, not a fan #news #photography #travel",#news #photography #travel,392,8,13,Travel,18,Friday,413,Negative,-0.6202
42,@aisha_codes,2026-09-04,18:19,"Best AI experience ever, highly recommend it to everyone! #music #photography #productivity",#music #photography #productivity,273,24,0,Entertainment,18,Friday,297,Positive,0.8066
235,@artsy_diya,2026-09-04,18:39,Some thoughts on the current state of reading #fitness #motivation #music,#fitness #motivation #music,326,38,0,Fitness,18,Friday,364,Positive,0.5423
346,@thefoodie_raj,2026-09-04,23:28,Sharing some notes on photography today #coding #fitness #motivation,#coding #fitness #motivation,0,38,1,Sports,23,Friday,39,Positive,0.743
239,@startup_vik,2026-09-05,02:52,A quick look at what I learned about startup this week #art #books #motivation,#art #books #motivation,178,5,15,Lifestyle,2,Saturday,198,Positive,0.34
199,@dev_naina,2026-09-05,05:57,A quick look at what I learned about art this week #coding #foodie #music,#coding #foodie #music,226,6,4,Technology,5,Saturday,236,Neutral,0.0
342,@dev_naina,2026-09-05,09:02,"Here's an update on my travel project, more details soon #news #startup",#news #startup,152,19,15,Business,9,Saturday,186,Neutral,0.0
256,@aisha_codes,2026-09-05,10:44,"Absolutely loving the new photography update, this is amazing! #ai #python #webdev",#ai #python #webdev,0,25,16,Technology,10,Saturday,41,Positive,0.8513
324,@startup_vik,2026-09-05,11:41,So excited to share this incredible productivity milestone with you all #art #books #motivation,#art #books #motivation,109,0,16,Lifestyle,11,Saturday,125,Positive,0.762
356,@artsy_diya,2026-09-05,12:47,This python community is so supportive and inspiring #music #python #travel,#music #python #travel,202,7,6,Travel,12,Saturday,215,Positive,0.7123
364,@karan_vibes,2026-09-05,18:23,Grateful for such a wonderful gaming journey this year #fitness #motivation #python,#fitness #motivation #python,55,19,14,Fitness,18,Saturday,88,Positive,0.8807
223,@karan_vibes,2026-09-05,20:55,"Best AI experience ever, highly recommend it to everyone! #startup #travel",#startup #travel,136,18,5,Travel,20,Saturday,159,Positive,0.8066
302,@rohan.tech,2026-09-05,20:57,Some thoughts on the current state of photography #ai #photography #travel,#ai #photography #travel,0,31,3,Travel,20,Saturday,34,Neutral,0.0
375,@startup_vik,2026-09-05,21:52,A quick look at what I learned about startup this week #art #productivity #travel,#art #productivity #travel,265,20,2,Travel,21,Saturday,287,Neutral,0.0
108,@thefoodie_raj,2026-09-05,22:34,A quick look at what I learned about AI this week #fitness #motivation #productivity,#fitness #motivation #productivity,249,0,7,Fitness,22,Saturday,256,Positive,0.5423
389,@artsy_diya,2026-09-05,22:48,Some thoughts on the current state of AI #fitness #motivation #news,#fitness #motivation #news,164,0,18,Sports,22,Saturday,182,Positive,0.5423
279,@startup_vik,2026-09-06,06:32,Sharing some notes on photography today #datascience #gaming #music,#datascience #gaming #music,230,27,2,Entertainment,6,Sunday,259,Positive,0.4215
16,@musicby_sara,2026-09-06,09:00,"Working on a new python post, stay tuned #machinelearning #opensource #webdev",#machinelearning #opensource #webdev,139,24,7,Technology,9,Sunday,170,Neutral,0.0
329,@musicby_sara,2026-09-06,09:00,This fitness community is so supportive and inspiring #datascience #gaming #music,#datascience #gaming #music,425,15,11,Entertainment,9,Sunday,451,Positive,0.7923
227,@artsy_diya,2026-09-06,11:06,"Absolutely loving the new startup update, this is amazing! #art #foodie #startup",#art #foodie #startup,164,11,1,Food,11,Sunday,176,Positive,0.8513
164,@bookworm_ira,2026-09-06,11:59,Grateful for such a wonderful gaming journey this year #coding #productivity #startup,#coding #productivity #startup,304,39,15,Business,11,Sunday,358,Positive,0.7717
202,@musicby_sara,2026-09-06,12:37,"Disappointed by the recent photography changes, not a fan #machinelearning #motivation #travel",#machinelearning #motivation #travel,206,0,0,Travel,12,Sunday,206,Negative,-0.3944
200,@startup_vik,2026-09-06,12:43,Grateful for such a wonderful music journey this year #foodie #python #webdev,#foodie #python #webdev,239,21,14,Food,12,Sunday,274,Positive,0.7717
39,@travel_with_meera,2026-09-06,12:56,This startup community is so supportive and inspiring #art #photography #travel,#art #photography #travel,4,28,10,Travel,12,Sunday,42,Positive,0.7123
332,@photo_kabir,2026-09-06,14:44,This reading community is so supportive and inspiring #books #foodie #music,#books #foodie #music,69,9,4,Entertainment,14,Sunday,82,Positive,0.7123
1,@rohan.tech,2026-09-06,16:02,Some thoughts on the current state of AI #ai #coding #machinelearning,#ai #coding #machinelearning,301,16,6,Technology,16,Sunday,323,Neutral,0.0
132,@bookworm_ira,2026-09-06,16:44,"Best python experience ever, highly recommend it to everyone! #fitness #motivation #productivity",#fitness #motivation #productivity,110,16,8,Fitness,16,Sunday,134,Positive,0.8953
257,@aisha_codes,2026-09-06,18:07,"Absolutely loving the new photography update, this is amazing! #books #coding #music",#books #coding #music,123,35,0,Entertainment,18,Sunday,158,Positive,0.8513
140,@musicby_sara,2026-09-06,18:41,This travel issue has been such a headache to deal with #fitness #motivation #webdev,#fitness #motivation #webdev,263,14,12,Sports,18,Sunday,289,Positive,0.5423
285,@photo_kabir,2026-09-06,19:19,Really frustrated with how this fitness launch turned out #ai #foodie #productivity,#ai #foodie #productivity,73,8,14,Food,19,Sunday,95,Negative,-0.3222
197,@gamer_ananya,2026-09-06,19:58,"Best art experience ever, highly recommend it to everyone! #machinelearning #travel #webdev",#machinelearning #travel #webdev,0,24,9,Travel,19,Sunday,33,Positive,0.8066
81,@aisha_codes,2026-09-06,21:20,"Working on a new AI post, stay tuned #ai #opensource #webdev",#ai #opensource #webdev,149,12,6,Technology,21,Sunday,167,Neutral,0.0
281,@startup_vik,2026-09-06,21:52,So excited to share this incredible python milestone with you all #fitness #motivation #startup,#fitness #motivation #startup,193,0,0,Fitness,21,Sunday,193,Positive,0.8251
112,@thefoodie_raj,2026-09-06,22:31,"Not happy with the startup experience today, needs work #coding #gaming",#coding #gaming,121,10,1,Entertainment,22,Sunday,132,Negative,-0.4585
358,@aisha_codes,2026-09-06,22:32,This food community is so supportive and inspiring #foodie #motivation #photography,#foodie #motivation #photography,141,20,7,Food,22,Sunday,168,Positive,0.809
176,@artsy_diya,2026-09-06,22:43,"Here's an update on my reading project, more details soon #coding #fitness #foodie",#coding #fitness #foodie,59,0,0,Food,22,Sunday,59,Positive,0.2732
341,@musicby_sara,2026-09-06,22:52,"Absolutely loving the new art update, this is amazing! #motivation #python #travel",#motivation #python #travel,43,24,0,Lifestyle,22,Sunday,67,Positive,0.893
240,@rohan.tech,2026-09-07,07:28,Some thoughts on the current state of art #motivation #music #tech,#motivation #music #tech,0,20,20,Fitness,7,Monday,40,Positive,0.34
180,@bookworm_ira,2026-09-07,10:25,This gaming community is so supportive and inspiring #fitness #photography #travel,#fitness #photography #travel,10,9,4,Travel,10,Monday,23,Positive,0.7923
386,@photo_kabir,2026-09-07,11:20,"Best fitness experience ever, highly recommend it to everyone! #music #productivity #python",#music #productivity #python,219,17,0,Entertainment,11,Monday,236,Positive,0.855
181,@travel_with_meera,2026-09-07,11:45,"Best food experience ever, highly recommend it to everyone! #art #foodie #python",#art #foodie #python,189,10,19,Lifestyle,11,Monday,218,Positive,0.8066
192,@photo_kabir,2026-09-07,12:18,"Not happy with the fitness experience today, needs work #machinelearning #opensource #productivity",#machinelearning #opensource #productivity,18,6,15,Business,12,Monday,39,Negative,-0.2259
264,@chef_ishaan,2026-09-07,12:43,Sharing some notes on gaming today #news #productivity #startup,#news #productivity #startup,65,10,4,Business,12,Monday,79,Positive,0.4215
85,@rohan.tech,2026-09-07,14:09,"Absolutely loving the new reading update, this is amazing! #books #gaming #motivation",#books #gaming #motivation,117,7,18,Lifestyle,14,Monday,142,Positive,0.893
203,@gamer_ananya,2026-09-07,14:38,This AI community is so supportive and inspiring #books #foodie #music,#books #foodie #music,364,21,5,Food,14,Monday,390,Positive,0.7123
361,@startup_vik,2026-09-07,15:13,This gaming issue has been such a headache to deal with #books #fitness #motivation,#books #fitness #motivation,58,2,6,Fitness,15,Monday,66,Positive,0.5423
70,@travel_with_meera,2026-09-07,16:22,This food issue has been such a headache to deal with #gaming #music #python,#gaming #music #python,468,16,12,Entertainment,16,Monday,496,Neutral,0.0
168,@rohan.tech,2026-09-08,00:19,"Absolutely loving the new AI update, this is amazing! #foodie #motivation #tech",#foodie #motivation #tech,4,0,12,Food,0,Tuesday,16,Positive,0.893
22,@thefoodie_raj,2026-09-08,05:21,This fitness community is so supportive and inspiring #fitness #motivation #webdev,#fitness #motivation #webdev,357,17,0,Fitness,5,Tuesday,374,Positive,0.8893
173,@gamer_ananya,2026-09-08,08:36,"Not happy with the startup experience today, needs work #fitness #motivation #productivity",#fitness #motivation #productivity,277,54,13,Sports,8,Tuesday,344,Positive,0.1285
196,@priya_designs,2026-09-08,08:49,So excited to share this incredible fitness milestone with you all #fitness #machinelearning,#fitness #machinelearning,359,24,0,Sports,8,Tuesday,383,Positive,0.8248
135,@photo_kabir,2026-09-08,15:57,Grateful for such a wonderful art journey this year #datascience #motivation #startup,#datascience #motivation #startup,424,12,20,Sports,15,Tuesday,456,Positive,0.8442
390,@fit_arjun,2026-09-08,20:39,"Best travel experience ever, highly recommend it to everyone! #art #foodie #music",#art #foodie #music,309,14,14,Food,20,Tuesday,337,Positive,0.8066
178,@musicby_sara,2026-09-08,20:46,"Absolutely loving the new AI update, this is amazing! #photography #python #travel",#photography #python #travel,219,21,12,Travel,20,Tuesday,252,Positive,0.8513
378,@dev_naina,2026-09-08,23:26,Sharing some notes on reading today #coding #fitness #motivation,#coding #fitness #motivation,298,25,9,Fitness,23,Tuesday,332,Positive,0.743
141,@thefoodie_raj,2026-09-09,07:42,"Struggling with startup problems again, so annoying #foodie #gaming #productivity",#foodie #gaming #productivity,430,34,0,Entertainment,7,Wednesday,464,Negative,-0.8173
231,@musicby_sara,2026-09-09,09:23,Grateful for such a wonderful gaming journey this year #gaming #music,#gaming #music,231,15,12,Entertainment,9,Wednesday,258,Positive,0.7717
209,@startup_vik,2026-09-09,10:22,This python community is so supportive and inspiring #art #fitness #gaming,#art #fitness #gaming,32,1,14,Fitness,10,Wednesday,47,Positive,0.7923
128,@thefoodie_raj,2026-09-09,11:24,A quick look at what I learned about photography this week #books #gaming #motivation,#books #gaming #motivation,254,0,7,Lifestyle,11,Wednesday,261,Positive,0.34
367,@startup_vik,2026-09-09,15:47,"Disappointed by the recent photography changes, not a fan #coding #opensource #python",#coding #opensource #python,344,17,9,Technology,15,Wednesday,370,Negative,-0.6202
83,@chef_ishaan,2026-09-09,18:20,"Not happy with the music experience today, needs work #art #books #motivation",#art #books #motivation,0,22,5,Fitness,18,Wednesday,27,Negative,-0.1526
249,@dev_naina,2026-09-09,19:21,A quick look at what I learned about music this week #machinelearning #photography #travel,#machinelearning #photography #travel,39,26,4,Travel,19,Wednesday,69,Neutral,0.0
350,@rohan.tech,2026-09-09,19:24,"Here's an update on my productivity project, more details soon #datascience #news #startup",#datascience #news #startup,307,18,9,Business,19,Wednesday,334,Neutral,0.0
241,@fit_arjun,2026-09-09,19:33,"Working on a new travel post, stay tuned #productivity #startup #webdev",#productivity #startup #webdev,171,13,12,Business,19,Wednesday,196,Neutral,0.0
307,@priya_designs,2026-09-09,19:39,This startup community is so supportive and inspiring #art #fitness #foodie,#art #fitness #foodie,101,0,17,Food,19,Wednesday,118,Positive,0.7923
80,@rohan.tech,2026-09-09,19:55,Really frustrated with how this productivity launch turned out #fitness #gaming #motivation,#fitness #gaming #motivation,3,9,3,Sports,19,Wednesday,15,Neutral,-0.0498
29,@gamer_ananya,2026-09-09,21:32,"Here's an update on my productivity project, more details soon #fitness #gaming #motivation",#fitness #gaming #motivation,105,26,3,Fitness,21,Wednesday,134,Positive,0.5809
301,@priya_designs,2026-09-10,07:12,This travel community is so supportive and inspiring #music #startup #travel,#music #startup #travel,0,11,2,Entertainment,7,Thursday,13,Positive,0.7123
167,@thefoodie_raj,2026-09-10,09:37,"Working on a new music post, stay tuned #coding #datascience #opensource",#coding #datascience #opensource,158,10,0,Technology,9,Thursday,168,Neutral,0.0
170,@rohan.tech,2026-09-10,11:09,So excited to share this incredible fitness milestone with you all #motivation #productivity #webdev,#motivation #productivity #webdev,182,26,10,Fitness,11,Thursday,218,Positive,0.8381
201,@rohan.tech,2026-09-10,14:40,"Absolutely loving the new music update, this is amazing! #coding #python #tech",#coding #python #tech,151,0,1,Technology,14,Thursday,152,Positive,0.8513
323,@dev_naina,2026-09-10,17:09,So excited to share this incredible gaming milestone with you all #startup #webdev,#startup #webdev,305,2,14,Business,17,Thursday,321,Positive,0.6318
351,@thefoodie_raj,2026-09-10,17:40,Some thoughts on the current state of python #news #productivity #startup,#news #productivity #startup,74,21,16,Business,17,Thursday,111,Neutral,0.0
210,@gamer_ananya,2026-09-10,18:05,"Here's an update on my travel project, more details soon #art #coding #music",#art #coding #music,156,23,9,Lifestyle,18,Thursday,188,Neutral,0.0
90,@dev_naina,2026-09-10,18:32,This photography community is so supportive and inspiring #gaming #music #startup,#gaming #music #startup,92,0,4,Entertainment,18,Thursday,96,Positive,0.7123
270,@travel_with_meera,2026-09-10,18:35,Really frustrated with how this photography launch turned out #coding #machinelearning #opensource,#coding #machinelearning #opensource,326,36,2,Technology,18,Thursday,364,Negative,-0.5709
325,@chef_ishaan,2026-09-10,18:42,"Absolutely loving the new travel update, this is amazing! #productivity #startup #webdev",#productivity #startup #webdev,169,34,7,Business,18,Thursday,210,Positive,0.8513
11,@musicby_sara,2026-09-10,18:45,"Struggling with productivity problems again, so annoying #datascience #photography #tech",#datascience #photography #tech,1,51,3,Travel,18,Thursday,55,Negative,-0.8173
313,@thefoodie_raj,2026-09-10,19:14,This art community is so supportive and inspiring #fitness #motivation #productivity,#fitness #motivation #productivity,127,7,0,Sports,19,Thursday,134,Positive,0.8566
35,@musicby_sara,2026-09-10,20:05,So excited to share this incredible startup milestone with you all #fitness #motivation,#fitness #motivation,236,21,4,Sports,20,Thursday,261,Positive,0.8251
258,@dev_naina,2026-09-10,21:21,Sharing some notes on productivity today #books #fitness #gaming,#books #fitness #gaming,152,15,9,Fitness,21,Thursday,176,Positive,0.5994
306,@karan_vibes,2026-09-10,23:36,"Working on a new fitness post, stay tuned #art #news #opensource",#art #news #opensource,328,4,17,Lifestyle,23,Thursday,349,Positive,0.2732
208,@musicby_sara,2026-09-11,01:12,Grateful for such a wonderful gaming journey this year #opensource #photography #tech,#opensource #photography #tech,157,9,19,Technology,1,Friday,185,Positive,0.7717
54,@gamer_ananya,2026-09-11,06:50,"Disappointed by the recent AI changes, not a fan #books #fitness #motivation",#books #fitness #motivation,243,7,18,Fitness,6,Friday,268,Negative,-0.1436
113,@musicby_sara,2026-09-11,07:42,A quick look at what I learned about AI this week #books #gaming #music,#books #gaming #music,113,27,7,Entertainment,7,Friday,147,Neutral,0.0
284,@dev_naina,2026-09-11,11:24,"Working on a new music post, stay tuned #fitness #foodie #productivity",#fitness #foodie #productivity,170,8,0,Food,11,Friday,178,Positive,0.2732
379,@gamer_ananya,2026-09-11,12:00,Grateful for such a wonderful photography journey this year #fitness #motivation #python,#fitness #motivation #python,265,22,0,Fitness,12,Friday,287,Positive,0.8807
287,@chef_ishaan,2026-09-11,13:35,Grateful for such a wonderful reading journey this year #opensource #productivity #startup,#opensource #productivity #startup,282,11,7,Business,13,Friday,300,Positive,0.7717
62,@musicby_sara,2026-09-11,14:21,"Not happy with the photography experience today, needs work #gaming #music #python",#gaming #music #python,63,0,5,Entertainment,14,Friday,68,Negative,-0.4585
334,@fit_arjun,2026-09-11,15:11,This AI community is so supportive and inspiring #art #news #startup,#art #news #startup,271,23,20,Business,15,Friday,314,Positive,0.7123
150,@gamer_ananya,2026-09-11,16:45,"Absolutely loving the new gaming update, this is amazing! #art #books #python",#art #books #python,104,21,4,Lifestyle,16,Friday,129,Positive,0.8513
101,@rohan.tech,2026-09-11,18:02,Grateful for such a wonderful travel journey this year #machinelearning #tech #webdev,#machinelearning #tech #webdev,0,24,8,Technology,18,Friday,32,Positive,0.7717
17,@bookworm_ira,2026-09-11,18:03,"Absolutely loving the new reading update, this is amazing! #books #fitness #music",#books #fitness #music,171,10,0,Sports,18,Friday,181,Positive,0.8856
67,@aisha_codes,2026-09-11,19:10,Some thoughts on the current state of art #gaming #music #news,#gaming #music #news,224,29,0,Entertainment,19,Friday,253,Neutral,0.0
220,@fit_arjun,2026-09-11,19:58,A quick look at what I learned about photography this week #productivity #startup,#productivity #startup,59,13,0,Business,19,Friday,72,Neutral,0.0
130,@fit_arjun,2026-09-11,20:37,Grateful for such a wonderful productivity journey this year #motivation #tech #webdev,#motivation #tech #webdev,224,3,19,Sports,20,Friday,246,Positive,0.8442
25,@bookworm_ira,2026-09-11,20:51,"Working on a new art post, stay tuned #books #photography #python",#books #photography #python,150,22,5,Travel,20,Friday,177,Neutral,0.0
297,@rohan.tech,2026-09-12,00:56,"Working on a new reading post, stay tuned #fitness #gaming #photography",#fitness #gaming #photography,196,20,16,Entertainment,0,Saturday,232,Positive,0.2732
222,@bookworm_ira,2026-09-12,10:33,"Best reading experience ever, highly recommend it to everyone! #fitness #motivation #music",#fitness #motivation #music,433,4,8,Sports,10,Saturday,445,Positive,0.8953
246,@chef_ishaan,2026-09-12,12:17,So excited to share this incredible art milestone with you all #news #productivity #startup,#news #productivity #startup,196,13,19,Business,12,Saturday,228,Positive,0.6318
265,@musicby_sara,2026-09-12,12:21,Really frustrated with how this gaming launch turned out #opensource #python #travel,#opensource #python #travel,243,14,9,Technology,12,Saturday,266,Negative,-0.5709
242,@aisha_codes,2026-09-12,13:59,This photography community is so supportive and inspiring #art #fitness #motivation,#art #fitness #motivation,416,17,9,Fitness,13,Saturday,442,Positive,0.8566
335,@travel_with_meera,2026-09-12,14:49,"Here's an update on my food project, more details soon #coding #opensource #webdev",#coding #opensource #webdev,386,24,9,Technology,14,Saturday,419,Neutral,0.0
64,@gamer_ananya,2026-09-12,15:29,"Not happy with the AI experience today, needs work #ai #datascience #photography",#ai #datascience #photography,266,21,8,Travel,15,Saturday,295,Negative,-0.4585
123,@artsy_diya,2026-09-12,17:31,"Working on a new reading post, stay tuned #coding #python #tech",#coding #python #tech,344,5,4,Technology,17,Saturday,353,Neutral,0.0
254,@aisha_codes,2026-09-12,19:10,This startup community is so supportive and inspiring #gaming #music,#gaming #music,127,40,2,Entertainment,19,Saturday,169,Positive,0.7123
320,@rohan.tech,2026-09-12,19:11,"Best gaming experience ever, highly recommend it to everyone! #gaming #music #opensource",#gaming #music #opensource,144,9,9,Entertainment,19,Saturday,162,Positive,0.8066
187,@thefoodie_raj,2026-09-12,20:02,Sharing some notes on fitness today #ai #coding #webdev,#ai #coding #webdev,57,18,11,Technology,20,Saturday,86,Positive,0.5994
61,@fit_arjun,2026-09-12,20:55,"Struggling with productivity problems again, so annoying #art #fitness #motivation",#art #fitness #motivation,336,23,11,Sports,20,Saturday,370,Negative,-0.576
106,@priya_designs,2026-09-12,21:38,"Best photography experience ever, highly recommend it to everyone! #fitness #motivation #python",#fitness #motivation #python,94,9,7,Sports,21,Saturday,110,Positive,0.8953
286,@gamer_ananya,2026-09-12,22:09,Some thoughts on the current state of fitness #coding #datascience #machinelearning,#coding #datascience #machinelearning,126,7,21,Technology,22,Saturday,154,Positive,0.2732
295,@priya_designs,2026-09-13,05:13,So excited to share this incredible food milestone with you all #ai #fitness #motivation,#ai #fitness #motivation,0,12,0,Sports,5,Sunday,12,Positive,0.8251
277,@fit_arjun,2026-09-13,06:11,"Best art experience ever, highly recommend it to everyone! #fitness #gaming #motivation",#fitness #gaming #motivation,165,8,13,Fitness,6,Sunday,186,Positive,0.8953
190,@gamer_ananya,2026-09-13,08:40,"Not happy with the gaming experience today, needs work #fitness #photography #tech",#fitness #photography #tech,0,13,15,Travel,8,Sunday,28,Negative,-0.2259
18,@musicby_sara,2026-09-13,08:56,Sharing some notes on music today #ai #travel #webdev,#ai #travel #webdev,78,0,4,Travel,8,Sunday,82,Positive,0.4215
172,@thefoodie_raj,2026-09-13,11:25,Sharing some notes on gaming today #books #motivation #startup,#books #motivation #startup,51,24,6,Sports,11,Sunday,81,Positive,0.6369
4,@thefoodie_raj,2026-09-13,11:40,Really frustrated with how this music launch turned out #ai #fitness #motivation,#ai #fitness #motivation,3,18,4,Fitness,11,Sunday,25,Neutral,-0.0498
383,@thefoodie_raj,2026-09-13,15:11,So excited to share this incredible food milestone with you all #ai #coding #opensource,#ai #coding #opensource,463,28,10,Technology,15,Sunday,501,Positive,0.6318
79,@priya_designs,2026-09-13,16:01,So excited to share this incredible food milestone with you all #opensource #photography #travel,#opensource #photography #travel,193,18,7,Travel,16,Sunday,218,Positive,0.6318
211,@musicby_sara,2026-09-13,16:03,This AI community is so supportive and inspiring #art #books #motivation,#art #books #motivation,0,27,8,Lifestyle,16,Sunday,35,Positive,0.809
289,@bookworm_ira,2026-09-13,16:21,"Best productivity experience ever, highly recommend it to everyone! #fitness #machinelearning #opensource",#fitness #machinelearning #opensource,43,28,8,Sports,16,Sunday,79,Positive,0.855
229,@aisha_codes,2026-09-13,18:35,This travel community is so supportive and inspiring #music #python #startup,#music #python #startup,527,3,0,Entertainment,18,Sunday,530,Positive,0.7123
366,@startup_vik,2026-09-13,19:46,Some thoughts on the current state of productivity #art #motivation #startup,#art #motivation #startup,0,8,16,Sports,19,Sunday,24,Positive,0.34
104,@rohan.tech,2026-09-13,19:56,Really frustrated with how this food launch turned out #gaming #machinelearning #music,#gaming #machinelearning #music,289,13,9,Entertainment,19,Sunday,311,Negative,-0.5709
65,@gamer_ananya,2026-09-13,20:24,A quick look at what I learned about art this week #datascience #machinelearning #photography,#datascience #machinelearning #photography,311,10,14,Travel,20,Sunday,335,Neutral,0.0
280,@karan_vibes,2026-09-14,01:42,Some thoughts on the current state of art #gaming #news #productivity,#gaming #news #productivity,213,9,12,Business,1,Monday,234,Neutral,0.0
247,@gamer_ananya,2026-09-14,03:31,Sharing some notes on productivity today #gaming #music #tech,#gaming #music #tech,242,14,1,Entertainment,3,Monday,257,Positive,0.4215
327,@travel_with_meera,2026-09-14,04:22,"Best python experience ever, highly recommend it to everyone! #fitness #gaming #music",#fitness #gaming #music,250,6,0,Entertainment,4,Monday,256,Positive,0.855
205,@aisha_codes,2026-09-14,06:29,Some thoughts on the current state of art #motivation #productivity #startup,#motivation #productivity #startup,109,14,10,Business,6,Monday,133,Positive,0.34
148,@travel_with_meera,2026-09-14,09:34,A quick look at what I learned about AI this week #fitness #news #photography,#fitness #news #photography,123,10,10,Sports,9,Monday,143,Positive,0.2732
315,@startup_vik,2026-09-14,10:12,"Best fitness experience ever, highly recommend it to everyone! #foodie #music #travel",#foodie #music #travel,305,0,0,Entertainment,10,Monday,305,Positive,0.855
321,@chef_ishaan,2026-09-14,10:16,"Best python experience ever, highly recommend it to everyone! #news #productivity #startup",#news #productivity #startup,0,17,1,Business,10,Monday,18,Positive,0.8066
165,@musicby_sara,2026-09-14,11:36,"Working on a new AI post, stay tuned #coding #machinelearning #python",#coding #machinelearning #python,211,37,0,Technology,11,Monday,248,Neutral,0.0
296,@aisha_codes,2026-09-14,12:24,Some thoughts on the current state of travel #coding #startup #tech,#coding #startup #tech,419,3,15,Technology,12,Monday,437,Neutral,0.0
45,@fit_arjun,2026-09-14,14:22,A quick look at what I learned about travel this week #fitness #motivation #productivity,#fitness #motivation #productivity,182,4,15,Fitness,14,Monday,201,Positive,0.5423
77,@gamer_ananya,2026-09-14,17:41,"Not happy with the AI experience today, needs work #news #productivity #startup",#news #productivity #startup,0,0,13,Business,17,Monday,13,Negative,-0.4585
263,@priya_designs,2026-09-14,18:43,So excited to share this incredible python milestone with you all #coding #fitness #motivation,#coding #fitness #motivation,0,11,7,Sports,18,Monday,18,Positive,0.8251
37,@bookworm_ira,2026-09-14,19:34,"Not happy with the photography experience today, needs work #art #motivation #python",#art #motivation #python,228,0,2,Lifestyle,19,Monday,230,Negative,-0.1526
24,@artsy_diya,2026-09-14,19:59,"Working on a new reading post, stay tuned #ai #coding #datascience",#ai #coding #datascience,289,36,2,Technology,19,Monday,327,Neutral,0.0
261,@fit_arjun,2026-09-14,20:44,This fitness community is so supportive and inspiring #gaming #machinelearning #music,#gaming #machinelearning #music,318,0,0,Entertainment,20,Monday,318,Positive,0.7923
230,@fit_arjun,2026-09-14,22:26,So excited to share this incredible food milestone with you all #machinelearning #travel #webdev,#machinelearning #travel #webdev,665,8,0,Technology,22,Monday,673,Positive,0.6318
225,@startup_vik,2026-09-15,09:00,A quick look at what I learned about travel this week #fitness #productivity,#fitness #productivity,427,5,0,Business,9,Tuesday,432,Positive,0.2732
349,@musicby_sara,2026-09-15,10:16,So excited to share this incredible reading milestone with you all #ai #photography #travel,#ai #photography #travel,194,10,0,Travel,10,Tuesday,204,Positive,0.6318
161,@startup_vik,2026-09-15,11:18,Grateful for such a wonderful productivity journey this year #datascience #fitness #motivation,#datascience #fitness #motivation,423,17,2,Sports,11,Tuesday,442,Positive,0.8807
162,@priya_designs,2026-09-15,11:25,A quick look at what I learned about startup this week #coding #foodie #webdev,#coding #foodie #webdev,0,41,16,Food,11,Tuesday,57,Neutral,0.0
156,@aisha_codes,2026-09-15,12:18,"Best photography experience ever, highly recommend it to everyone! #coding #fitness #foodie",#coding #fitness #foodie,106,4,13,Fitness,12,Tuesday,123,Positive,0.855
84,@fit_arjun,2026-09-15,16:37,A quick look at what I learned about travel this week #foodie #machinelearning #news,#foodie #machinelearning #news,199,29,5,Food,16,Tuesday,233,Neutral,0.0
52,@fit_arjun,2026-09-15,17:16,"Here's an update on my food project, more details soon #books #music #productivity",#books #music #productivity,34,11,4,Entertainment,17,Tuesday,49,Neutral,0.0
207,@chef_ishaan,2026-09-15,20:36,So excited to share this incredible fitness milestone with you all #books #coding #datascience,#books #coding #datascience,75,25,11,Technology,20,Tuesday,111,Positive,0.7615
121,@chef_ishaan,2026-09-15,21:33,"Best startup experience ever, highly recommend it to everyone! #machinelearning #tech #webdev",#machinelearning #tech #webdev,496,0,7,Technology,21,Tuesday,503,Positive,0.8066
